generation,fitness,BASE_REPRODUCTION_RATE,BASE_DEATH_RATE,BASE_DOMINATION_RATE
0,223.79289705806045,0.40947575465628583,0.0047395553389031845,0.8642648072136341
1,235.70873606062702,0.40947575465628583,0.0047395553389031845,0.8642648072136341
2,232.2853120251824,0.40947575465628583,0.0047395553389031845,0.8642648072136341
3,235.26902655545544,0.40947575465628583,0.0047395553389031845,0.8642648072136341
4,234.3959206551485,0.40947575465628583,0.0047395553389031845,0.8642648072136341
5,230.62415581331692,0.40947575465628583,0.0047395553389031845,0.8642648072136341
6,229.05226114011825,0.40947575465628583,0.0047395553389031845,0.8642648072136341
7,232.81329428541304,0.40947575465628583,0.004332903579439568,0.8642648072136341
